{
  "urls": [
    "ch2.mp3",
    "ch2.ogg",
    "ch2.m4a"
  ],
  "sprite": {
    "silence": [
      0,
      1000,
      true
    ],
    "BetUp_Btn": [
      1050,
      1238.9342403628116
    ],
    "IW_RollupLoop": [
      3099.9999999999995,
      1333.333333333333
    ],
    "Match_2": [
      5149.999999999999,
      1697.3242630385482
    ],
    "Reveal_1": [
      7199.999999999999,
      990.816326530613
    ]
  }
}