{
  "urls": [
    "ch4.mp3",
    "ch4.ogg",
    "ch4.m4a"
  ],
  "sprite": {
    "silence": [
      0,
      1000,
      true
    ],
    "Buy_Btn": [
      1050,
      2000.022675736962
    ],
    "LuckyNumberSelect_1": [
      4100.000000000001,
      1195.3287981859412
    ],
    "RevealAll_Btn": [
      6150,
      1295.4195011337868
    ],
    "UI_Click": [
      8200.000000000002,
      2000
    ],
    "YourNumberSelect_1": [
      10250.000000000002,
      1052.5396825396829
    ]
  }
}