{
  "urls": [
    "ch1.mp3",
    "ch1.ogg",
    "ch1.m4a"
  ],
  "sprite": {
    "silence": [
      0,
      1000,
      true
    ],
    "BetDown_Btn": [
      1050,
      1103.514739229025
    ],
    "GameEnd_NoWin": [
      3100,
      5495.578231292518
    ],
    "GameEnd_Win": [
      9150,
      5484.988662131519
    ],
    "Match_1": [
      15200.000000000002,
      1698.8435374149678
    ]
  }
}