{
  "urls": [
    "ch3.mp3",
    "ch3.ogg",
    "ch3.m4a"
  ],
  "sprite": {
    "silence": [
      0,
      1000,
      true
    ],
    "BetMax_Btn": [
      1050,
      1291.9274376417234
    ],
    "InstantWin": [
      3100,
      3111.1111111111113
    ],
    "Match_3": [
      7150,
      2104.7392290249436
    ]
  }
}