{
  "urls": [
    "ch6.mp3",
    "ch6.ogg",
    "ch6.m4a"
  ],
  "sprite": {
    "silence": [
      0,
      1000,
      true
    ],
    "IW_RollupTerm": [
      1050,
      1166.6666666666667
    ],
    "LuckyNumberSelect_3": [
      3100,
      1199.9999999999998
    ],
    "YourNumberSelect_3": [
      5150,
      1053.5374149659865
    ]
  }
}